﻿pos_x,pos_y,rotation,side,designator,mpn,pack,value,mount_type,place
121.92,-125.984,90.0,top,C1,,C_0603_1608Metric_Pad1.08x0.95mm_HandSolder,100pF,smt,True
137.16,-147.32,0.0,top,C2,,C_0603_1608Metric_Pad1.08x0.95mm_HandSolder,1nF,smt,True
132.9425,-122.174,180.0,top,C3,,C_0603_1608Metric_Pad1.08x0.95mm_HandSolder,10nF,smt,True
76.2,-139.7,-90.0,top,C4,,CP_Radial_D8.0mm_P3.80mm,100μF,tht,True
76.2,-149.86,0.0,bottom,C5,,C_0603_1608Metric_Pad1.08x0.95mm_HandSolder,10μF,smt,True
84.074,-149.86,0.0,bottom,C6,,C_0603_1608Metric_Pad1.08x0.95mm_HandSolder,10nF,smt,True
65.024,-152.654,-90.0,top,C7,,CP_Radial_D8.0mm_P3.80mm,47μF,tht,True
60.96,-149.86,90.0,top,C8,,C_0603_1608Metric_Pad1.08x0.95mm_HandSolder,10μF,smt,True
134.62,-125.725,-90.0,top,D1,,D_DO-34_SOD68_P7.62mm_Horizontal,D,tht,True
133.096,-116.078,180.0,top,J1,,TerminalBlock_bornier-2_P5.08mm,plant_connector,tht,True
78.74,-127.0,-90.0,top,J2,,JST_XH_B3B-XH-A_1x03_P2.50mm_Vertical,moisture_sensor_conn,tht,True
134.874,-156.718,0.0,top,J3,,TerminalBlock_bornier-2_P5.08mm,power_input,tht,True
104.394,-121.92,0.0,bottom,J4,,microSD_HC_Hirose_DM3AT-SF-PEJM5,micro_sd_slot,smt,True
85.09,-133.34,180.0,top,J5,,PinHeader_1x04_P2.54mm_Vertical,extended_gpio,tht,True
63.5,-144.78,90.0,top,J6,,TerminalBlock_bornier-2_P5.08mm,speaker_output,tht,True
67.32,-118.115,90.0,top,J7,,PinHeader_2x04_P2.54mm_Vertical,ext_pwr_output,tht,True
83.82,-144.78,180.0,top,J8,,PinHeader_1x03_P2.54mm_Vertical,jmp_dacs,tht,True
129.54,-149.86,90.0,top,L1,,L_Radial_D10.0mm_P5.00mm_Fastron_07P,3.3mH,tht,True
127.0,-137.16,90.0,top,L2,,L_Radial_D10.0mm_P5.00mm_Fastron_07P,3.3mH,tht,True
139.7,-137.16,-90.0,top,L3,,L_Radial_D10.0mm_P5.00mm_Fastron_07P,3.3mH,tht,True
121.92,-142.24,-90.0,bottom,R1,,R_1206_3216Metric_Pad1.30x1.75mm_HandSolder,10kΩ,smt,True
121.92,-149.86,90.0,bottom,R2,,R_1206_3216Metric_Pad1.30x1.75mm_HandSolder,4.7kΩ,smt,True
127.0,-125.984,-90.0,top,R3,,R_1206_3216Metric_Pad1.30x1.75mm_HandSolder,1MΩ,smt,True
104.14,-139.7,-90.0,bottom,R4,,R_1206_3216Metric_Pad1.30x1.75mm_HandSolder,100kΩ,smt,True
66.04,-161.544,0.0,top,R5,,R_1206_3216Metric_Pad1.30x1.75mm_HandSolder,10Ω,smt,True
76.2,-108.712,0.0,top,RN1,,R_Array_SIP6,100kΩ,tht,True
61.04,-132.015,0.0,top,RV1,,Potentiometer_ACP_CA9-V10_Vertical,R_Potentiometer,tht,True
80.518,-114.808,0.0,top,SW1,,SW_PUSH_6mm,SW_Push,tht,True
93.93,-113.02,0.0,top,U1,,esp32_breakout,esp32_breakout,tht,True
72.39,-153.68,0.0,top,U2,,DIP-8_W7.62mm_Socket_LongPads,LM386,tht,True
87.63,-160.02,0.0,top,mnt_hole,,MountingHole_3.2mm_M3,MountingHole_3.2mm_M3,tht,False
142.24,-110.49,0.0,top,mnt_hole,,MountingHole_3.2mm_M3,MountingHole_3.2mm_M3,tht,False
