﻿designator,quantity,value,pack,mpn,mount_type
C1,1,100pF,C_0603_1608Metric_Pad1.08x0.95mm_HandSolder,,smt
C2,1,1nF,C_0603_1608Metric_Pad1.08x0.95mm_HandSolder,,smt
"C3, C6",2,10nF,C_0603_1608Metric_Pad1.08x0.95mm_HandSolder,,smt
C4,1,100μF,CP_Radial_D8.0mm_P3.80mm,,tht
"C5, C8",2,10μF,C_0603_1608Metric_Pad1.08x0.95mm_HandSolder,,smt
C7,1,47μF,CP_Radial_D8.0mm_P3.80mm,,tht
D1,1,D,D_DO-34_SOD68_P7.62mm_Horizontal,,tht
J1,1,plant_connector,TerminalBlock_bornier-2_P5.08mm,,tht
J2,1,moisture_sensor_conn,JST_XH_B3B-XH-A_1x03_P2.50mm_Vertical,,tht
J3,1,power_input,TerminalBlock_bornier-2_P5.08mm,,tht
J4,1,micro_sd_slot,microSD_HC_Hirose_DM3AT-SF-PEJM5,,smt
J5,1,extended_gpio,PinHeader_1x04_P2.54mm_Vertical,,tht
J6,1,speaker_output,TerminalBlock_bornier-2_P5.08mm,,tht
J7,1,ext_pwr_output,PinHeader_2x04_P2.54mm_Vertical,,tht
J8,1,jmp_dacs,PinHeader_1x03_P2.54mm_Vertical,,tht
"L1, L2, L3",3,3.3mH,L_Radial_D10.0mm_P5.00mm_Fastron_07P,,tht
R1,1,10kΩ,R_1206_3216Metric_Pad1.30x1.75mm_HandSolder,,smt
R2,1,4.7kΩ,R_1206_3216Metric_Pad1.30x1.75mm_HandSolder,,smt
R3,1,1MΩ,R_1206_3216Metric_Pad1.30x1.75mm_HandSolder,,smt
R4,1,100kΩ,R_1206_3216Metric_Pad1.30x1.75mm_HandSolder,,smt
R5,1,10Ω,R_1206_3216Metric_Pad1.30x1.75mm_HandSolder,,smt
RN1,1,100kΩ,R_Array_SIP6,,tht
RV1,1,R_Potentiometer,Potentiometer_ACP_CA9-V10_Vertical,,tht
SW1,1,SW_Push,SW_PUSH_6mm,,tht
U1,1,esp32_breakout,esp32_breakout,,tht
U2,1,LM386,DIP-8_W7.62mm_Socket_LongPads,,tht
"mnt_hole, mnt_hole",2,MountingHole_3.2mm_M3,MountingHole_3.2mm_M3,,tht
